Word,Count,
governo,945,politics
italia,799,general
salvini,750,person
pdl,708,politics
renzi,660,person
pd,642,politics
solo,605,sentiment
milan,577,business
forza,565,politics
fini,560,person
attacca,537,sentiment
tv,532,other
premier,493,politics
lega,451,politics
voto,451,politics
bossi,431,person
ruby,391,person
processo,387,legal
nuovo,357,other
quirinale,355,politics
prodi,349,person
legge,337,legal
pm,336,legal
centrodestra,335,politics
sfida,326,sentiment
elezioni,318,politics
riforme,313,politics
casa,310,other
milano,307,other
fi,305,politics
crisi,302,sentiment
caso,301,sentiment
monti,297,person
scontro,295,sentiment
alfano,292,person
piazza,288,other
bersani,280,person
politica,277,politics
roma,276,other
colle,273,politics
sinistra,271,politics
casini,271,person
meloni,269,person
patto,268,sentiment
leader,266,sentiment
mediaset,264,business
basta,261,sentiment
torna,260,sentiment
prima,258,other
rai,252,business
niente,248,
giudici,248,legal
napolitano,248,person
letta,247,person
partito,246,politics
giustizia,245,legal
vertice,241,politics
grillo,220,person
frena,218,sentiment
elettorale,216,legal
avanti,216,sentiment
fuori,214,sentiment
senato,209,politics
chiede,207,sentiment
campo,207,sentiment
stato,206,
oggi,204,
accordo,204,sentiment
putin,203,person
milioni,200,other
soldi,198,other
fare,195,sentiment
palazzo,190,
arcore,189,
guerra,185,
attacco,179,
candidato,178,
apre,176,
paolo,175,person
ue,175,
bene,174,
ex,170,
presidente,169,
de,167,
chiama,165,
tre,165,
rnews,165,
veltroni,164,
subito,163,
pronto,162,
resta,162,
voti,162,
grande,161,
riforma,161,
tasse,161,
cavaliere,160,
arriva,158,
show,158,
dice,157,
fiducia,156,
fatto,156,
marina,156,person
fitto,155,
sempre,154,
duello,153,
decadenza,152,
stop,151,
destra,151,
ritorno,148,
piano,146,
serve,145,
nuova,145,
escort,145,
voglio,144,
paese,144,
già,144,
napoli,143,
aula,143,
meglio,143,
usa,140,
san,140,
sindaco,139,
villa,138,
addio,138,
incontro,133,
quando,133,
lancia,132,
donne,132,
parla,131,
nessun,131,
accusa,130,
referendum,130,
tremonti,129,person
dialogo,127,
stampa,126,
sentenza,125,
sotto,123,
ciampi,123,person
polo,122,
parte,122,
ministro,122,
primarie,121,
pietro,120,person
cena,120,
alleati,119,
italiani,119,
an,119,
pressing,117,
barbara,117,person
ter,117,
punta,115,
maroni,115,person
vota,115,
porta,115,
vince,114,
ultima,114,
famiglia,114,
euro,114,
campagna,113,
intercettazioni,113,
teme,111,
verso,111,
conti,111,
udc,111,
draghi,111,person
maio,111,person
galliani,110,person
fine,110,
ministri,110,
parlamento,110,
giorni,109,
lascia,108,
incontra,108,
primo,107,
maggioranza,107,
appello,107,
adesso,106,
ira,106,
festa,106,
monza,106,
alema,105,
bush,105,
rischio,104,
europa,102,
europee,102,
scrive,100,
pronti,100,
difende,100,
altri,100,
indagato,100,
ppe,100,
vita,99,
giorno,99,
paura,99,
camera,98,
futuro,98,
rilancia,98,
lista,98,
pace,97,
pensa,97,
amico,97,
foto,97,
cerca,96,
tempo,96,
boccia,96,
manovra,96,
salta,95,
cambia,95,
nessuno,95,
utri,95,person
intesa,93,
mano,93,
colpa,93,
servizi,93,
giunta,93,
craxi,92,
tribunale,92,
avverte,92,
rischia,92,
visita,92,
berlusconismo,92,
tarantini,92,
lavoro,91,
pier,91,
chigi,90,
processi,90,
inchiesta,90,
domani,90,
matteo,90,person
andare,89,
votare,89,
procura,89,
veronica,88,
parole,88,
magistrati,88,
condanna,87,
mafia,87,
sociali,87,
decreto,86,
troppo,86,
figli,86,
insieme,85,
grazie,85,
chiude,85,
regionali,85,
bari,85,
lite,84,
nome,83,
formigoni,83,person
politico,82,
meno,81,
raffaele,81,
prepara,80,
repubblica,80,
dimissioni,80,
democrazia,80,
assolto,80,
tutte,80,
toti,80,
fino,79,
video,78,
vincere,78,
fassino,78,person
ragazze,78,
bertolaso,78,
miliardi,77,
accuse,77,
vado,77,
centro,77,
disse,77,
fininvest,76,
vogliono,76,
gela,76,
caos,76,
finale,76,
lettera,76,
mills,76,
lavitola,76,person
sme,75,
altro,75,
gelo,75,
replica,74,
decide,74,
passo,74,
uniti,74,
moratti,74,person
ultimatum,73,
mondo,73,
cdl,73,
spot,72,
libera,72,
sud,72,
politici,71,
vero,71,
nessuna,71,
rabbia,71,
condannato,71,
svolta,71,
lodo,71,
ultimo,71,
indietro,71,
giovani,71,
battaglia,70,
caro,70,
resto,70,
popolo,70,
sicilia,70,
confronto,70,
big,70,
verità,70,
posto,69,
affari,69,
prova,69,
nuovi,69,
unico,69,
rutelli,69,person
corruzione,69,
libertà,69,
cassazione,69,
gheddafi,69,person
bunga,69,
papa,68,
giudizio,68,
santoro,68,
vede,68,
tregua,68,
storia,68,
corte,67,
entro,67,
difesa,67,
scajola,67,person
rifiuti,67,
obama,67,person
pascale,67,
smentisce,66,
alleanza,66,
amici,66,
nuove,65,
insiste,65,
squadra,65,
spunta,65,
consiglio,65,
silenzio,65,
alemanno,65,person
carfagna,65,person
calcio,64,
rivolta,64,
male,64,
costituzione,64,
protesta,63,
sorpresa,63,
mesi,63,
notte,63,
minaccia,63,
capo,63,
blitz,63,
film,62,
giallo,62,
berlusconiani,62,
gaffe,62,
presto,61,
vittoria,61,
bis,61,
tocca,61,
fan,61,
tornare,60,
corsa,60,
comunisti,60,
grazia,60,
promesse,60,
telefonata,60,
segreto,60,
comizio,60,
intese,60,
polemica,60,
cambiare,60,
davanti,60,
nulla,60,
liste,60,
alitalia,60,
imu,60,
fra,59,
volta,59,
giornali,59,
dire,59,
bugie,59,
rinvio,59,
città,59,
opposizione,59,
italicum,59,
risponde,58,
giudice,58,
re,58,
urne,58,
gelmini,58,person
funerali,58,
vendola,58,person
allegri,58,person
mondadori,57,
candidati,57,
potere,57,
consulta,57,
uomo,57,
mani,57,
conferma,57,
toghe,57,
fisco,57,
verdini,57,
prescrizione,57,
salvare,57,
conte,57,
cento,56,
tavolo,56,
quei,56,
anno,56,
berlusconiano,56,
ormai,56,
tempi,56,
scelta,56,
sondaggi,56,
tagli,56,
regione,56,
merkel,56,person
fondi,55,
forse,55,
perde,55,
chiesa,55,
cade,55,
diventa,55,
allarme,55,
mossa,55,
centrosinistra,55,
libia,55,
senatori,55,
dubbi,54,
ce,54,
diritti,54,
ulivo,54,
piersilvio,54,person
aiuto,53,
parola,53,
resa,53,
pensioni,53,
amato,53,person
scuola,53,
firma,53,
csm,53,
asse,53,
idea,53,
unipol,53,
critica,52,
norma,52,
tutta,52,
partita,52,
padre,52,
sbagliato,52,
mussolini,52,person
dc,51,
tratta,51,
oltre,51,
fiscale,51,
peggio,51,
spero,51,
sbaglia,51,
telefona,51,
contestato,51,
inzaghi,51,
gay,51,
iraq,51,
cambio,51,
coalizione,51,
vuol,50,
perso,50,
mette,50,
ospedale,50,
secondo,50,
albertini,50,
prove,50,
tajani,50,person
divorzio,49,
diretta,49,
sceglie,49,
tenta,49,
linea,49,
fede,49,
errore,49,
canta,49,
pool,49,
né,49,
noemi,49,person
sogno,48,
annuncia,48,
cede,48,
stranieri,48,
carta,48,
italiano,48,
patti,48,
doppio,48,
finito,48,
palermo,48,
confalonieri,48,person
scena,48,
italiana,48,
bufera,48,
parisi,48,
programma,48,
battute,48,
grazioli,48,
fdi,48,
carte,47,
auguri,47,
anti,47,
dieci,47,
salva,47,
nord,47,
vespa,47,
te,47,
walter,47,person
conflitto,47,
trattativa,47,
messaggio,47,
attacchi,47,
follini,47,
mattarella,47,person
gioco,46,
strappo,46,
regole,46,
sardegna,46,
testa,46,
offerta,46,
aprile,46,
estera,46,
elettori,46,
presidenzialismo,46,
atto,46,
lombardia,46,
miccichè,46,person
lombardo,46,
voleva,45,
proposta,45,
vicino,45,
prende,45,
cinque,45,
pure,45,
soli,45,
leggi,45,
brunetta,45,person
larghe,45,
morte,45,
batte,44,
blocca,44,
regalo,44,
russia,44,
fazio,44,person
falchi,44,
moderati,44,
candidatura,44,
ancelotti,44,person
ricoverato,44,
balotelli,44,person
colpo,43,
vinto,43,
candida,43,
sesso,43,
modello,43,
torino,43,
giugno,43,
times,43,
parlare,43,
bisogna,43,
diktat,43,
cadere,43,
giusto,43,
fascina,43,
finanziaria,42,
agnelli,42,person
problema,42,
ferro,42,
falso,42,
ritiro,42,
chiesto,42,
gioca,42,
rinuncia,42,
sale,42,
comune,42,
caccia,42,
alza,42,
strasburgo,42,
benigni,42,person
deluso,42,
gianfranco,42,person
promessa,42,
rassicura,42,
andrà,42,
poteri,42,
ghedini,42,person
servono,42,
spread,42,
piace,41,
terzo,41,
divide,41,
posso,41,
forte,41,
sconfitta,41,
nomine,41,
effetto,41,
cuore,41,
bruxelles,41,
tiene,41,
consultazioni,41,
interessi,41,
morto,41,
nomi,41,
presenta,41,
minacce,41,
accelera,41,
palco,41,
figlio,41,
tanti,40,
gianni,40,person
breve,40,
passa,40,
lascio,40,
libro,40,
promette,40,
possibile,40,
ottobre,40,
ogni,40,
aziende,40,
rosso,40,
federalismo,40,
nato,40,
vada,40,
torno,40,
insulti,40,
web,40,
cosentino,40,person
finiani,40,
caldoro,40,person
trincea,39,
tg,39,
ferma,39,
ragione,39,
dietro,39,
gente,39,
rottura,39,
gruppo,39,
lungo,39,
costa,39,
tanto,39,
sfiducia,39,
boss,39,
senso,39,
cose,39,
governatore,39,
magistratura,39,
epifani,39,
rossi,39,
telefonate,39,
russa,39,
francesca,39,person
stesso,38,
s,38,
fiat,38,
quattro,38,
tradito,38,
carica,38,
sgarbi,38,person
slitta,38,
parlato,38,
pericolo,38,
bilancio,38,
andiamo,38,
parlamentari,38,
dica,38,
ipotesi,38,
simbolo,38,
scarica,38,
blair,38,
rimpasto,38,
taglio,38,
senatore,38,
nazionale,38,
mediatrade,38,
piu,37,
fiera,37,
riparte,37,
civile,37,
fila,37,
convoca,37,
manda,37,
polizia,37,
scherza,37,
stadio,37,
ricatto,37,
bologna,37,
telefono,37,
senatur,37,
umberto,37,person
perdere,37,
dossier,37,
tentazione,37,
congresso,37,
tifosi,37,
genova,37,
venga,37,
scissione,37,
leadership,37,
molto,37,
leghista,37,
pranzo,37,
governare,37,
luigi,37,
fischi,37,
siti,37,
polverini,37,
fli,37,
grasso,37,
mirino,36,
incubo,36,
dobbiamo,36,
israele,36,
marchini,36,person
duomo,36,
nazareno,36,
bee,36,
vola,35,
ricorso,35,
giro,35,
finita,35,
juve,35,
mercato,35,
punto,35,
molla,35,
polemiche,35,
borsa,35,
passato,35,
sospetti,35,
problemi,35,
spacca,35,
fuga,35,
sindacati,35,
fermare,35,
maggio,35,
condizioni,35,
previti,35,person
partiti,35,
par,35,
aspetta,35,
possiamo,35,
satira,35,
lunedì,35,
dura,35,
comunali,35,
pronta,35,
blinda,35,
zangrillo,35,
milella,35,
scende,34,
attesa,34,
settimana,34,
vanno,34,
mila,34,
dimettersi,34,
media,34,
fratello,34,
troppi,34,
guai,34,
battuta,34,
lasci,34,
crede,34,
mezzo,34,
massimo,34,
teste,34,
dare,34,
dimetta,34,
aiuti,34,
storace,34,person
marcia,34,
affondo,34,
immigrati,34,
rispetto,34,
don,34,
inutile,34,
campania,34,
puglia,34,
cgil,34,
gasparri,34,person
stabilità,34,
vecchio,34,
certosa,34,
nozze,34,
romani,34,
anticipato,34,
expo,34,
legale,33,
sede,33,
idee,33,
nasce,33,
contratto,33,
voce,33,
scoppia,33,
paga,33,
verifica,33,
marta,33,
condicio,33,
mastella,33,person
dimesso,33,
so,33,
pena,33,
fatti,33,
giulio,33,
guzzanti,33,
discorso,33,
bondi,33,
evitare,33,
militanti,33,
ballarò,33,
personam,33,
olgettine,33,
racconta,32,
vende,32,
offre,32,
deciso,32,
manca,32,
scelto,32,
offensiva,32,
battere,32,
rapporto,32,
convince,32,
altre,32,
soluzione,32,
bankitalia,32,
cossiga,32,
continua,32,
vicina,32,
lasciare,32,
impossibile,32,
unità,32,
figlia,32,
club,32,
montezemolo,32,
b,32,
giannini,32,person
schifani,32,person
cene,32,
crozza,32,
magistris,32,person
seedorf,32,person
severino,32,person
mediolanum,31,
tito,31,
europea,31,
mese,31,
germania,31,
troppe,31,
giornalisti,31,
ferrara,31,person
risposta,31,
esce,31,
spera,31,
stare,31,
seggio,31,
economia,31,
avvocato,31,
dato,31,
stati,31,
sembra,31,
tentato,31,
numeri,31,
barzelletta,31,
vera,31,
vergogna,31,
arrende,31,
udienza,31,
ucraina,31,
viene,31,
sala,31,
sanità,31,
donna,31,
strategia,31,
mihajlovic,31,person
trump,31,
divisi,30,
politiche,30,
firme,30,
rete,30,
terza,30,
nero,30,
avviso,30,
bindi,30,person
pentito,30,
fo,30,person
visto,30,
murdoch,30,
schiaffo,30,
toni,30,
sapeva,30,
ds,30,
camere,30,
critiche,30,
scusa,30,
odio,30,
devi,30,
rapporti,30,
sistema,30,
lampedusa,30,
palese,30,
gianpi,30,
twitter,30,
parlo,29,
entra,29,
pagare,29,
alleato,29,
successo,29,
ombra,29,
manager,29,
tangenti,29,
incorona,29,
record,29,
armi,29,
difficile,29,
rissa,29,
sicurezza,29,
pochi,29,
ironia,29,
posti,29,
esulta,29,
vertici,29,
guida,29,
compravendita,29,
punti,29,
amore,29,
feste,29,
pressioni,29,
domande,29,
fidanzata,29,
cinesi,29,
medico,29,
letizia,29,person
sky,29,
facebook,29,
grillini,29,
sorrentino,29,person
querela,28,
firenze,28,
disgelo,28,
potrebbe,28,
rompe,28,
fronte,28,
premio,28,
day,28,
carcere,28,
pannella,28,person
moglie,28,
nucleare,28,
case,28,
aiutare,28,
richiesta,28,
pubblica,28,
preso,28,
poco,28,
dico,28,
dovrà,28,
orlando,28,
cambiato,28,
unione,28,
compleanno,28,
regioni,28,
berlusconiana,28,
restare,28,
berlino,28,
settembre,28,
democratici,28,
viola,28,
videomessaggio,28,
covid,28,
zelensky,28,person
arrivo,27,
compra,27,
denuncia,27,
quasi,27,
news,27,
presidenza,27,
esiste,27,
commissione,27,
finisce,27,
disastro,27,
turno,27,
vogliamo,27,
chiuso,27,
vittima,27,
striglia,27,
dimetto,27,
buon,27,
porto,27,
veto,27,
altolà,27,
applausi,27,
libero,27,
giù,27,
colloquio,27,
clima,27,
ponte,27,
natale,27,
braccio,27,
scatta,27,
centristi,27,
calderoli,27,person
bolloré,27,
predellino,27,
banche,26,
altra,26,
gran,26,
cinema,26,
anziani,26,
sette,26,
rilancio,26,
sondaggio,26,
atti,26,
sogna,26,
testimoni,26,
penso,26,
intervento,26,
minuti,26,
testimone,26,
condono,26,
biagi,26,person
pro,26,
colombe,26,
mille,26,
scandalo,26,
operato,26,
corre,26,
vedo,26,
reati,26,
saltare,26,
frattini,26,
errori,26,
invita,26,
lazio,26,
dia,26,
venerdì,26,
impegni,26,
scudo,26,
responsabilità,26,
strada,26,
gennaio,26,
verrà,26,
flop,26,
emiliano,26,person
neanche,26,
stoppa,26,
mauro,26,person
franceschini,26,person
ronzulli,26,person
gregorio,26,person
ricovero,26,
minetti,26,person
giorgia,26,person
pubblico,25,
cinq,25,
mosca,25,
alleanze,25,
trattare,25,
prezzo,25,
tiro,25,
miracolo,25,
governi,25,
ringrazia,25,
domenica,25,
aut,25,
folla,25,
tramonto,25,
mister,25,
rinvia,25,
platea,25,
unito,25,
andrò,25,
golpe,25,
biasotti,25,person
new,25,
manifesti,25,
fiorello,25,person
grave,25,
missione,25,
volte,25,
duro,25,
frase,25,
papà,25,
manifestazione,25,
barzellette,25,
giovanni,25,
gazebo,25,
sarkozy,25,person
shock,25,
firmato,24,
giornale,24,
sara,24,
romano,24,
autunno,24,
vista,24,
felice,24,
utile,24,
studia,24,
respinge,24,
progetto,24,
cori,24,
lavorare,24,
regali,24,
bravo,24,
tira,24,
confindustria,24,
convinto,24,
industriali,24,
scalfaro,24,person
arrivano,24,
favore,24,
incassa,24,
diserta,24,
pieno,24,
preferenze,24,
segreti,24,
cofferati,24,
scuse,24,
nomina,24,
complotto,24,
proprio,24,
scopre,24,
lezione,24,
marzo,24,
dimettiti,24,
chiedo,24,
forzisti,24,
salvato,24,
merito,24,
sentito,24,
avvisa,24,
metà,24,
mollo,24,
mamma,24,
sabato,24,
isola,24,
speranza,24,
declino,24,
stretta,24,
ultimi,24,
ricatti,24,
anm,24,
integrale,24,
vivendi,24,
impero,23,
comprare,23,
francese,23,
stata,23,
scambio,23,
ricchi,23,
summit,23,
ricco,23,
cancella,23,
lady,23,
sciopero,23,
scalfari,23,
regista,23,
serio,23,
corteo,23,
dietrofront,23,
emergenza,23,
vendere,23,
dini,23,
vaticano,23,
inchieste,23,
milione,23,
diviso,23,
bello,23,
immunità,23,
scudetto,23,
azzurri,23,
luca,23,
europeo,23,
giovane,23,
stelle,23,
rivincita,23,
esteri,23,
decisione,23,
torni,23,
lotta,23,
vecchia,23,
trappola,23,
racconto,23,
ribelli,23,
cda,23,
legali,23,
malore,23,
dudù,23,
unica,23,
iva,23,
caimano,23,
voterà,23,
guarda,23,
graviano,23,
began,23,
ncd,23,
cosi,22,
francia,22,
tante,22,
otto,22,
standa,22,
uomini,22,
zero,22,
diritto,22,
tornano,22,
operazione,22,
carroccio,22,
eletto,22,
votate,22,
censura,22,
restano,22,
mercati,22,
bassolino,22,person
test,22,
veti,22,
telecom,22,
comizi,22,
soddisfatto,22,
incontri,22,
conto,22,
temo,22,
rosa,22,
forti,22,
responsabile,22,
cala,22,
vecchi,22,
bianca,22,
doveva,22,
vorrei,22,
devono,22,
stragi,22,
nipote,22,
ascolti,22,
catania,22,
sacra,22,
nastro,22,
santo,22,
sfogo,22,
alternativa,22,
chiedono,22,
mario,22,
colaprico,22,
milanello,22,
parigi,21,
ieri,21,
stavolta,21,
cina,21,
lunga,21,
mostra,21,
indaga,21,
vice,21,
resiste,21,
nemici,21,
radio,21,
danni,21,
debole,21,
decidere,21,
abbraccio,21,
momento,21,
sente,21,
ottimista,21,
cassa,21,
assalto,21,
vendetta,21,
scelte,21,
vale,21,
dario,21,
data,21,
chiudere,21,
rinviato,21,
danno,21,
poli,21,
fido,21,
conta,21,
pera,21,
obiettivo,21,
amnistia,21,
pagato,21,
proporzionale,21,
dimette,21,
capolista,21,
migliore,21,
tecnico,21,
devo,21,
potrà,21,
rispetti,21,
moretti,21,
luglio,21,
cambi,21,
boccassini,21,
reato,21,
sconti,21,
ruolo,21,
spiazza,21,
cittadini,21,
fondo,21,
avvocati,21,
ritorna,21,
giochi,21,
pagò,21,
gentiloni,21,person
social,21,
lettieri,21,
questione,21,
serie,21,
notizia,21,
reptv,21,
dem,21,
casellati,21,person
molinari,21,person
entrare,20,
aperta,20,
antonio,20,person
voglia,20,
supera,20,
siro,20,
messina,20,
arrivare,20,
tensione,20,
riapre,20,
avere,20,
pulite,20,
nega,20,
resti,20,
auto,20,
ammette,20,
causa,20,
pds,20,
pagina,20,
mare,20,
calo,20,
indagati,20,
comunque,20,
bella,20,
distanza,20,
febbraio,20,
feeling,20,
pezzi,20,
segno,20,
stile,20,
processato,20,
martedì,20,
insorge,20,
devolution,20,
legittimo,20,
soltanto,20,
el,20,
impegno,20,
comunista,20,
nodo,20,
teatro,20,
martino,20,
sangue,20,
misure,20,
dovrebbe,20,
afghanistan,20,
portare,20,
memoria,20,
giovedì,20,
champions,20,
morale,20,
volevo,20,
giusta,20,
professore,20,
cesano,20,
selfie,20,
controlli,20,
lario,20,
bce,20,
assedio,20,
verdetto,20,
ddl,20,
versione,20,
impedimento,20,
wikileaks,20,
merlo,20,
cav,20,
coronavirus,20,
capitale,19,
piena,19,
vuoto,19,
gol,19,
vedere,19,
rivoluzione,19,
porte,19,
benedetti,19,
grida,19,
elettorali,19,
nemico,19,
ride,19,
inglese,19,
scatena,19,
imita,19,
street,19,
ripensa,19,
financial,19,
delusi,19,
buono,19,
sera,19,
stringe,19,
inaccettabile,19,
generale,19,
lavori,19,
vediamo,19,
schiera,19,
cultura,19,
nera,19,
richiama,19,
veleni,19,
novembre,19,
propaganda,19,
brogli,19,
tecnici,19,
testo,19,
interviene,19,
sito,19,
insulta,19,
dignità,19,
cuffaro,19,person
rossa,19,
vedrà,19,
strappa,19,
bandiere,19,
terrorismo,19,
toscana,19,
bisogno,19,
medici,19,
sviluppo,19,
angelino,19,person
beppe,19,
onu,19,
imprese,19,
premia,19,
discesa,19,
biancofiore,19,
riceve,19,
abu,19,
preoccupato,19,
erede,19,
cicchitto,19,person
imbarazzo,19,
istituzioni,19,
cdm,19,
durante,19,
marcello,19,person
kakà,19,
però,19,
spallata,19,
cesaro,19,person
saviano,19,person
traditori,19,
lupi,19,
pista,18,
davvero,18,
sbarca,18,
preoccupa,18,
enrico,18,
oro,18,
mediobanca,18,
corteggia,18,
prendere,18,
trova,18,
bacchetta,18,
dentro,18,
attenti,18,
licenzia,18,
malato,18,
lavora,18,
crolla,18,
spina,18,
vai,18,
promesso,18,
banca,18,
portavoce,18,
vladimir,18,person
fedele,18,
risultato,18,
indagini,18,
benedice,18,
giornalista,18,
nonno,18,
taormina,18,
bluff,18,
avversario,18,
farmi,18,
armata,18,
indagine,18,
cresce,18,
ospiti,18,
statista,18,
alto,18,
ricordo,18,
finto,18,
bonino,18,
eredità,18,person
carlo,18,person
chiamato,18,
tangentopoli,18,
tratto,18,
corregge,18,
coro,18,
società,18,
deficit,18,
guazzaloca,18,
credo,18,
fallito,18,
farnesina,18,
conferenza,18,
frasi,18,
apicella,18,person
crescita,18,
pisapia,18,person
candido,18,
potenti,18,
cornacchione,18,
derby,18,
saluta,18,
mentre,18,
migranti,18,
galera,18,
ingroia,18,person
convenzione,18,
affare,17,
assolve,17,
tenere,17,
sanremo,17,
real,17,
costanzo,17,person
quota,17,
conquista,17,
norme,17,
opere,17,
contesta,17,
tesoro,17,
piange,17,
montecitorio,17,
contrattacco,17,
pensi,17,
snobba,17,
alt,17,
uguale,17,
attento,17,
estate,17,
ville,17,
neri,17,
buffone,17,
finire,17,
brescia,17,
dio,17,
votiamo,17,
pisanu,17,person
situazione,17,
elogia,17,
detta,17,
disperato,17,
inizia,17,
cita,17,
strana,17,
fida,17,
andremo,17,
mentire,17,
vinceremo,17,
votato,17,
esplode,17,
ticket,17,
marino,17,
ricorda,17,
matrimonio,17,
ineleggibile,17,
terremoto,17,
migliori,17,
appoggio,17,
priorità,17,
ministeri,17,
smarca,17,
risposte,17,
deputati,17,
ghigo,17,
chiedere,17,
sostegno,17,
studenti,17,
tassa,17,
sindaci,17,
lutto,17,
persona,17,
annunziata,17,person
positivo,17,
fascismo,17,
soldati,17,
realtà,17,
bilico,17,
reddito,17,
uscita,17,
liti,17,
ciò,17,
gas,17,
sopra,17,
č,17,
notizie,17,
valori,17,
iv,17,
segretario,17,
abruzzo,17,
correnti,17,
pg,17,
ineleggibilità,17,
lopapa,17,
canale,16,
chirac,16,person
top,16,
fatta,16,
tedesca,16,
comuni,16,
super,16,
gori,16,
costretto,16,
rispondere,16,
alibi,16,
socio,16,
ritira,16,
sfidare,16,
facce,16,
mike,16,
pagava,16,
ragazzi,16,
ritardo,16,
spalle,16,
post,16,
doppia,16,
fretta,16,
sorrisi,16,
filo,16,
furioso,16,
ordine,16,
numero,16,
capito,16,
mistero,16,
ritirata,16,
bivio,16,
regala,16,
lasciato,16,
violante,16,
regime,16,
vendita,16,
inter,16,
fantasma,16,
eterno,16,
assegno,16,
fianco,16,
andreotti,16,
economist,16,
intervenga,16,
marini,16,
veneto,16,
sentenze,16,
anomalia,16,
saccà,16,
apertura,16,
consenso,16,
lacrime,16,
ripresa,16,
invito,16,
movimento,16,
deciderà,16,
saluto,16,
serata,16,
irresponsabile,16,
ambasciatore,16,
agosto,16,
legislatura,16,
santanché,16,
magico,16,
aspettiamo,16,
posizione,16,
piemonte,16,
invece,16,
debito,16,
pensare,16,
spinge,16,
boscone,16,
aver,16,
siciliani,16,
candidata,16,
convention,16,
gesto,16,
signore,16,
santanchè,16,
crosetto,16,
voteremo,16,
dicembre,16,
ultrà,16,
cazzola,16,
papi,16,
ibra,16,
diceva,16,
razzi,16,
questura,16,
accordi,16,
minorenne,16,
polanco,16,
rep,16,
fassina,16,
foa,16,
venti,15,
fallimento,15,
montanelli,15,
editore,15,
sacchi,15,
riprende,15,
pareggio,15,
fase,15,
congela,15,
ft,15,
garante,15,
ballo,15,
piccolo,15,
uscire,15,
match,15,
ricordi,15,
destino,15,
clinton,15,
ppi,15,
comprato,15,
mita,15,
evita,15,
difendere,15,
unire,15,
dicono,15,
spieghi,15,
mandare,15,
parli,15,
aspetto,15,
incalza,15,
costituente,15,
aria,15,
rivela,15,
coraggio,15,
nove,15,
tax,15,
totale,15,
accetti,15,
governissimo,15,
coppia,15,
provocazione,15,
prossimo,15,
tedesco,15,
solidarietà,15,
portofino,15,
riserva,15,
sconfessa,15,
ritrova,15,
allora,15,
bobo,15,
sconfitto,15,
fredda,15,
sospeso,15,
sicuro,15,
prof,15,
aznar,15,
internet,15,
legalità,15,
collegi,15,
vinco,15,
boom,15,
posta,15,
sottosegretario,15,
dovere,15,
chiusa,15,
sole,15,
lontano,15,
loda,15,
populismo,15,
battuto,15,
stessa,15,
tacere,15,
bocchino,15,person
giornata,15,
richiamo,15,
resterà,15,
candidarsi,15,
stanco,15,
volti,15,
capelli,15,
trofeo,15,
assoluzione,15,
esecutivo,15,
belle,15,
stretto,15,
spaventa,15,
liguria,15,
federazione,15,
gossip,15,
voluto,15,
lapsus,15,
nicole,15,person
trani,15,
estorsione,15,
domanda,15,
karima,15,
fronda,15,
civati,15,person
boschi,15,
closing,15,
fontana,15,
calenda,15,
pubblicita,14,
pci,14,
vip,14,
bomba,14,
stasera,14,
gara,14,
spiega,14,
scatenato,14,
salvo,14,
molti,14,
galli,14,
controlla,14,
soci,14,
duce,14,
bbc,14,
carnevale,14,
esame,14,
liberi,14,
fuoco,14,
bugiardo,14,
pubblici,14,
rinviata,14,
wall,14,
notti,14,
scommessa,14,
piega,14,
peones,14,
finanza,14,
sento,14,
torta,14,
russo,14,
chiese,14,
messaggi,14,
sabina,14,person
terra,14,
controllo,14,
cattolici,14,
festeggia,14,
cisl,14,
retromarcia,14,
dipende,14,
bagno,14,
piedi,14,
the,14,
testi,14,
scritto,14,
fumata,14,
parabola,14,
perseguitato,14,
sociale,14,
capisco,14,
assente,14,
scommette,14,
primi,14,
viaggio,14,
taglia,14,
vendo,14,
dittatura,14,
radicali,14,
aiuta,14,
berlusconie,14,
affonda,14,
vedremo,14,
tattica,14,
regina,14,
luttazzi,14,person
tace,14,
bipartisan,14,
richieste,14,
medio,14,
irpef,14,
mandato,14,
successione,14,
gag,14,
prostituzione,14,
capire,14,
arafat,14,
brocchi,14,
base,14,
nemmeno,14,
difficoltà,14,
palma,14,
york,14,
ricattato,14,
imbarazza,14,
cordata,14,
schulz,14,
misteri,14,
evitiamo,14,
personale,14,
dati,14,
bacio,14,
penati,14,
contatti,14,
mubarak,14,
scalda,14,
protagonista,14,
facile,14,
po,14,
pasqua,14,
tav,14,
opa,14,
favorì,14,
bonaiuti,14,
portato,14,
mora,14,
conviene,14,
vento,14,
marcegaglia,14,
ko,14,
età,14,
muore,14,
minoranza,14,
festini,14,
nastri,14,
modifiche,14,
ezio,14,
antigua,14,
laudati,14,
sel,14,
porcellum,14,
fischia,14,
battista,14,
kiev,14,
schlein,14,
trattato,13,
puo,13,
inglesi,13,
convincere,13,
madrid,13,
spagna,13,
padrone,13,
farsa,13,
reti,13,
londra,13,
parata,13,
publitalia,13,
antitrust,13,
miliardo,13,
manovre,13,
gruppi,13,
aperto,13,
vicenda,13,
venezia,13,
maxi,13,
largo,13,
libri,13,
coppa,13,
rebus,13,
vieni,13,
bettino,13,
violenza,13,
seguire,13,
borrelli,13,
menzogne,13,
buona,13,
fascisti,13,
poveri,13,
fedeli,13,
disoccupati,13,
anzi,13,
boomerang,13,
sindrome,13,
valle,13,
dichiarazioni,13,
freddo,13,
telecinco,13,
farsi,13,
ballottaggi,13,
dimentica,13,
passi,13,
stacca,13,
ciao,13,
accetto,13,
aspettando,13,
bertinotti,13,
acquisti,13,
inaccettabili,13,
rifare,13,
televisione,13,
delfino,13,
frenano,13,
senatùr,13,
aprire,13,
attaccano,13,
divisa,13,
parma,13,
sintonia,13,
marco,13,
santa,13,
botta,13,
contrario,13,
dimezzato,13,
voci,13,
ama,13,
shopping,13,
innocente,13,
generali,13,
tensioni,13,
accettare,13,
travaglio,13,
rotta,13,
sms,13,
promuove,13,
resteremo,13,
poteva,13,
errani,13,
emilio,13,
martini,13,
servizio,13,
chiara,13,
dimettere,13,
garanzie,13,
parti,13,
pullman,13,
viale,13,
pericoloso,13,
redditi,13,
plebiscito,13,
proteste,13,
spesa,13,
vincerà,13,
riunione,13,
complimenti,13,
contento,13,
persecuzione,13,
arte,13,
storico,13,
umiliato,13,
incapace,13,
vuoi,13,
metodo,13,
salute,13,
cinese,13,
comico,13,
fango,13,
vicepremier,13,
mediazione,13,
primavera,13,
aperti,13,
siniscalco,13,
doris,13,
mettere,13,
corpo,13,
bongiorno,13,
com,13,
favori,13,
democratica,13,
distrugge,13,
libano,13,
ronaldinho,13,
amministrative,13,
mercoledì,13,
brambilla,13,
populista,13,
correre,13,
coordinatore,13,
inutili,13,
tornato,13,
iran,13,
addario,13,
leali,13,
cerchio,13,
agcom,13,
calabria,13,
fico,13,
montella,13,
incandidabile,13,
cancellieri,13,
stefàno,13,
terapia,13,
intensiva,13,
mes,13,
forze,12,
rovina,12,
scalata,12,
dividendi,12,
qualche,12,
prosciolto,12,
interesse,12,
direttore,12,
vicini,12,
fate,12,
azzurro,12,
fedelissimo,12,
rosse,12,
debiti,12,
holding,12,
segni,12,
lumbard,12,
vacanza,12,
canzone,12,
volo,12,
rilanciare,12,
vescovi,12,
spettacolo,12,
serra,12,
decreti,12,
troppa,12,
litiga,12,
dittatore,12,
esclude,12,
azienda,12,
proposte,12,
oscura,12,
consigliere,12,
processate,12,
feltri,12,
buoni,12,
seggi,12,
ridicolo,12,
accetta,12,
invoca,12,
spa,12,
inciucio,12,
oriente,12,
urla,12,
archivia,12,
veline,12,
veri,12,
diede,12,
torniamo,12,
diventato,12,
evasione,12,
soccorso,12,
br,12,
iberian,12,
copia,12,
muro,12,
civili,12,
scelga,12,
vite,12,
mattarellum,12,
consiglieri,12,
clinica,12,
frode,12,
vedrò,12,
agenda,12,
arretra,12,
emilia,12,
punge,12,
fermo,12,
testimoniare,12,
buco,12,
decido,12,
discussione,12,
signora,12,
carabinieri,12,
forzista,12,
parlerò,12,
decisiva,12,
spese,12,
blindata,12,
candidabile,12,
condannano,12,
almeno,12,
scioperi,12,
dritto,12,
forfait,12,
opera,12,
dilemma,12,
offende,12,
straordinario,12,
separazione,12,
ottimismo,12,
regno,12,
impone,12,
marito,12,
mosse,12,
deriva,12,
lettere,12,
ladri,12,
arresto,12,
cambiamento,12,
assoluto,12,
lager,12,
ascolta,12,
lealtà,12,
opposizioni,12,
silura,12,
zapatero,12,
vitali,12,
uso,12,
procuratore,12,
credibilità,12,
mollare,12,
omar,12,
dibattito,12,
parliamo,12,
bulgaro,12,
scintille,12,
tedeschi,12,
scegliere,12,
concussione,12,
eluana,12,
idv,12,
sola,12,
annozero,12,
patrizia,12,
tifo,12,
angolo,12,
zanda,12,
audio,12,
piacere,12,
canone,12,
giudiziari,12,
delusione,12,
circo,12,
casting,12,
ventennio,12,
vinciamo,12,
eleganti,12,
interdizione,12,
riabilitazione,12,
onda,11,
verde,11,
star,11,
commissario,11,
invade,11,
piani,11,
leonardo,11,
corso,11,
cecchi,11,
cura,11,
espresso,11,
febbre,11,
alta,11,
interrogatorio,11,
applaude,11,
fusione,11,
allenatore,11,
bambini,11,
reale,11,
ministero,11,
titolo,11,
autogol,11,
farlo,11,
aggredito,11,
vigilia,11,
bunker,11,
staffetta,11,
deaglio,11,
bianco,11,
biondi,11,
tranquillo,11,
tribuna,11,
bavaglio,11,
sos,11,
elogio,11,
convocato,11,
rifiuta,11,
capello,11,
segnale,11,
chiaro,11,
fermi,11,
debutto,11,
ronaldo,11,
attaccare,11,
scioglie,11,
smetta,11,
sofri,11,
famiglie,11,
riprova,11,
peso,11,
cambiano,11,
ricandida,11,
rispunta,11,
speriamo,11,
foglio,11,
FALSE,11,
martusciello,11,
imprenditori,11,
ragazzo,11,
colpe,11,
maschera,11,
pari,11,
prezzi,11,
trattiamo,11,
governa,11,
sorpasso,11,
esempio,11,
qualcosa,11,
iervolino,11,
ruggiero,11,
nanni,11,
decisivo,11,
incarico,11,
morire,11,
caduta,11,
baget,11,
ruoli,11,
incontrare,11,
affida,11,
aiuterà,11,
inganno,11,
paesi,11,
consensi,11,
università,11,
inaugura,11,
cacci,11,
scandali,11,
merita,11,
musical,11,
esercito,11,
immigrazione,11,
sismi,11,
sanzioni,11,
venire,11,
miracoli,11,
zitto,11,
prossima,11,
respinta,11,
ebrei,11,
zio,11,
mediatica,11,
riesce,11,
pesa,11,
consigli,11,
mantovani,11,
lifting,11,
conseguenze,11,
risultati,11,
messo,11,
minimo,11,
vincente,11,
bandiera,11,
lampo,11,
gip,11,
trovato,11,
perdiamo,11,
aquila,11,
ischia,11,
irap,11,
siciliano,11,
scheda,11,
mara,11,
indegno,11,
fallisce,11,
voterò,11,
ribelle,11,
assolti,11,
spaccato,11,
diventare,11,
tour,11,
freni,11,
persone,11,
fedelissimi,11,
assurdo,11,
fermato,11,
dacia,11,
certa,11,
cessione,11,
ici,11,
podestà,11,
marchionne,11,
settimane,11,
antiberlusconismo,11,
bloccare,11,
mr,11,
voli,11,
hitler,11,
medvedev,11,
sostiene,11,
galan,11,
ragazza,11,
fuorionda,11,
spatuzza,11,
visite,11,
perdono,11,
cairo,11,
raisi,11,
difeso,11,
zaia,11,
ceccarelli,11,
lecce,11,
immediato,11,
tosi,11,
ricandidarmi,11,
briatore,11,
domiciliari,11,
tweet,11,
lasciano,11,
cuperlo,11,
maurizio,11,
schittulli,11,
clan,10,
vittorio,10,
propone,10,
celebra,10,
torre,10,
castello,10,
viva,10,
private,10,
televisioni,10,
chiuse,10,
tavola,10,
smentita,10,
francesi,10,
europei,10,
piccoli,10,
round,10,
critico,10,
progetti,10,
rinunciare,10,
oppure,10,
estero,10,
esordio,10,
preferisco,10,
dono,10,
zeffirelli,10,
yacht,10,
credito,10,
crea,10,
bussa,10,
pensiamo,10,
follia,10,
carriera,10,
rigore,10,
superstar,10,
preferisce,10,
washington,10,
bill,10,
bocciano,10,
sogni,10,
vincono,10,
professori,10,
stella,10,
sella,10,
dorme,10,
grana,10,
cl,10,
tranquilli,10,
sfila,10,
amara,10,
mente,10,
sbotta,10,
rovinato,10,
buttiglione,10,
rimane,10,
dissi,10,
mancuso,10,
diecimila,10,
annuncio,10,
magari,10,
peccato,10,
ricusa,10,
venditore,10,
francesco,10,
segue,10,
tesa,10,
diversi,10,
candidare,10,
pirellone,10,
capogruppo,10,
sentire,10,
invitato,10,
condannati,10,
criminale,10,
rotto,10,
finché,10,
amicizia,10,
intervenire,10,
archiviate,10,
prime,10,
riina,10,
colpire,10,
berlusconia,10,
parlò,10,
stagione,10,
totti,10,
darò,10,
poltrone,10,
tunisi,10,
arma,10,
monito,10,
chiarezza,10,
riunisce,10,
appoggia,10,
favorire,10,
madre,10,
malati,10,
perderà,10,
americano,10,
abolire,10,
lì,10,
provincia,10,
italiane,10,
gesù,10,
berlusconiil,10,
presente,10,
gratis,10,
sport,10,
riposo,10,
sottosegretari,10,
cerro,10,
cerimonia,10,
time,10,
presenti,10,
blindato,10,
scala,10,
agita,10,
muove,10,
preoccupati,10,
mazzini,10,
spetta,10,
tornerà,10,
insegue,10,
convegno,10,
signor,10,
sacrifici,10,
centri,10,
disponibili,10,
sfoga,10,
bar,10,
mina,10,
bagdad,10,
giudiziaria,10,
comanda,10,
aggressione,10,
inventato,10,
stefania,10,
finirà,10,
juventus,10,
preparano,10,
colli,10,
air,10,
france,10,
quegli,10,
luxuria,10,
lontana,10,
capri,10,
suicidio,10,
pontida,10,
furibondo,10,
colpi,10,
pubblicità,10,
canzoni,10,
pensato,10,
trasferta,10,
rischiamo,10,
ruba,10,
barroso,10,
distanze,10,
necessario,10,
stalin,10,
anticipate,10,
povero,10,
blindare,10,
sostituire,10,
marrazzo,10,
lasciamo,10,
bye,10,
milanese,10,
roberto,10,
studio,10,
funerale,10,
piů,10,
leale,10,
durerà,10,
falsità,10,
saluti,10,
pensiero,10,
personali,10,
mozione,10,
reazioni,10,
ballottaggio,10,
pato,10,
cadrà,10,
notaio,10,
adriano,10,
clandestini,10,
inciuci,10,
altrimenti,10,
decida,10,
spazzatura,10,
malpensa,10,
giovanardi,10,
popolare,10,
spinelli,10,
onore,10,
tramonta,10,
sostenere,10,
unioni,10,
privacy,10,
bagnasco,10,
stabile,10,
micciché,10,
ricattabile,10,
quagliariello,10,
vs,10,
puntiamo,10,
mln,10,
tartaglia,10,
dipendenti,10,
speciale,10,
rivede,10,
ottiene,10,
esterno,10,
videoblob,10,
musumeci,10,
lanciare,10,
giletti,10,
stefano,10,
boldrini,10,
forconi,10,
cattaneo,10,
donald,10,
baiardo,10,
riuscito,9,
satellite,9,
rivera,9,
spazio,9,
mezza,9,
consola,9,
allontana,9,
vantaggio,9,
cavalier,9,
perche,9,
allarga,9,
crescono,9,
confermato,9,
svizzera,9,
limite,9,
triste,9,
riabilitato,9,
collaborazione,9,
beffa,9,
lobby,9,
arrogante,9,
interessa,9,
cuccia,9,
tetto,9,
falsa,9,
cedere,9,
incidente,9,
amo,9,
cambiamo,9,
abbandona,9,
calunnie,9,
ricetta,9,
sospetto,9,
gia,9,
blob,9,
brindisi,9,
rosy,9,
venduto,9,
accoglie,9,
scontri,9,
simpatico,9,
aereo,9,
andato,9,
rocco,9,
risate,9,
vittime,9,
chiesti,9,
cardinale,9,
mangano,9,
traditore,9,
bocca,9,
barricate,9,
deputato,9,
rinnega,9,
eco,9,
spiaggia,9,
verdi,9,
vivo,9,
scappa,9,
torneremo,9,
ribaltone,9,
continuo,9,
titoli,9,
guidare,9,
malattia,9,
assenze,9,
toglie,9,
tardi,9,
figlie,9,
ricerca,9,
manifesto,9,
strage,9,
condannate,9,
illiberale,9,
appella,9,
tornerò,9,
segreta,9,
visco,9,
prese,9,
paradiso,9,
dubbio,9,
asta,9,
nervi,9,
riaccende,9,
lascerà,9,
election,9,
telecamere,9,
vito,9,
ordini,9,
cambieremo,9,
limiti,9,
satyricon,9,
raccolta,9,
trovare,9,
bloccati,9,
offshore,9,
offeso,9,
sopralluogo,9,
tolto,9,
africa,9,
spiazzato,9,
cammarata,9,
schroeder,9,
islam,9,
bombe,9,
infuriato,9,
spaccata,9,
droga,9,
cesare,9,
compagno,9,
discute,9,
contratti,9,
motivo,9,
prestigiacomo,9,
valentino,9,
dovete,9,
seconda,9,
centinaia,9,
rappresenta,9,
trattative,9,
america,9,
sposta,9,
ritiri,9,
sansa,9,
borse,9,
tesi,9,
spuntano,9,
locali,9,
anticipo,9,
festival,9,
carriere,9,
indulto,9,
coscienza,9,
operai,9,
assenti,9,
ispettori,9,
avvertì,9,
piacciono,9,
incognita,9,
spettro,9,
tripoli,9,
road,9,
tavoli,9,
musica,9,
cercano,9,
poche,9,
risorse,9,
inevitabile,9,
comprò,9,
ascoltare,9,
passaggio,9,
ricandido,9,
riappare,9,
gra,9,
vengo,9,
riferisca,9,
indispensabile,9,
chiave,9,
madama,9,
qualcuno,9,
togliere,9,
alcuni,9,
qaeda,9,
elicottero,9,
coop,9,
eredi,9,
fischiato,9,
sanno,9,
rimonta,9,
certe,9,
miglior,9,
pioggia,9,
arriverà,9,
potrei,9,
rito,9,
condoni,9,
fiorani,9,
offese,9,
parodia,9,
gravi,9,
cane,9,
occhi,9,
cautela,9,
durare,9,
elezione,9,
pizza,9,
finta,9,
prossime,9,
piazze,9,
schifo,9,
posizioni,9,
stima,9,
estremisti,9,
invidia,9,
bipolarismo,9,
successore,9,
prepariamoci,9,
commento,9,
angela,9,
fascista,9,
inno,9,
pacificazione,9,
fortino,9,
sorpreso,9,
gandus,9,
acerra,9,
crollano,9,
raduno,9,
crimi,9,
balle,9,
gelli,9,
chiesta,9,
danneggia,9,
larga,9,
bagaglino,9,
ciancimino,9,
avvenire,9,
cittadinanza,9,
forever,9,
bonaccini,9,
signorini,9,
animali,9,
diverso,9,
vattene,9,
dedicato,9,
moneta,9,
vacilla,9,
lerner,9,
camusso,9,
allearsi,9,
zalone,9,
molise,9,
salvacondotto,9,
fratelli,9,
rotondi,9,
longo,9,
cronisti,9,
immagini,9,
decaduto,9,
guerini,9,
giorgetti,9,
pirozzi,9,
damilano,9,
flat,9,
bonafede,9,
autonomia,8,
trionfo,8,
magistrato,8,
conquistare,8,
costruito,8,
rientro,8,
enzo,8,
psi,8,
concorrenza,8,
gullit,8,
esclusiva,8,
raccoglie,8,
passano,8,
ricci,8,
buone,8,
svela,8,
prestito,8,
assist,8,
cacciato,8,
azione,8,
solito,8,
pay,8,
ciarrapico,8,
rimini,8,
favorito,8,
spara,8,
privata,8,
ordina,8,
brutto,8,
arbitro,8,
giocare,8,
cerco,8,
utili,8,
mito,8,
luna,8,
rinuncio,8,
ignora,8,
fallire,8,
for,8,
neppure,8,
incompatibile,8,
istituzionale,8,
oscurato,8,
guardare,8,
fortuna,8,
tar,8,
toro,8,
trenta,8,
onorevole,8,
fidano,8,
donazioni,8,
allarma,8,
passione,8,
puoi,8,
garanzia,8,
scacco,8,
imprenditore,8,
liberale,8,
ridurre,8,
inciampa,8,
processa,8,
nobel,8,
incontrato,8,
cella,8,
sacrificio,8,
macherio,8,
blocco,8,
ribella,8,
urbani,8,
fiori,8,
cacciari,8,
riscopre,8,
plaude,8,
potremmo,8,
paperoni,8,
tradisce,8,
modo,8,
ufficio,8,
ossessione,8,
bicamerale,8,
telefoni,8,
party,8,
truffa,8,
quarto,8,
paradosso,8,
finalmente,8,
ladro,8,
inesistente,8,
segnali,8,
solita,8,
fermiamo,8,
borsellino,8,
persi,8,
zac,8,
dolore,8,
dichiara,8,
vinci,8,
gioia,8,
aiutato,8,
soru,8,
cancro,8,
perizia,8,
punte,8,
mediatore,8,
ricuce,8,
presenza,8,
turismo,8,
giocatori,8,
esposto,8,
scendo,8,
trascina,8,
monologo,8,
tabù,8,
daremo,8,
arresti,8,
esposito,8,
berlusconinon,8,
strade,8,
dirò,8,
viminale,8,
puntano,8,
consulto,8,
centomila,8,
uil,8,
celentano,8,
tutela,8,
lavorato,8,
chiamare,8,
pericu,8,
choc,8,
denaro,8,
frainteso,8,
diversa,8,
gelido,8,
cremlino,8,
cambierà,8,
velocità,8,
cantiere,8,
guido,8,
collaborare,8,
crescere,8,
regionale,8,
slogan,8,
coppie,8,
chiamò,8,
tabacci,8,
irresponsabili,8,
rischi,8,
preoccupazione,8,
tony,8,
attorno,8,
nicola,8,
luogo,8,
ottimo,8,
nesta,8,
tagliare,8,
tribunali,8,
inviti,8,
acqua,8,
cantieri,8,
geometra,8,
miss,8,
appalti,8,
morandi,8,
parlerà,8,
turchia,8,
tema,8,
risoluzione,8,
finmeccanica,8,
invasione,8,
spinta,8,
eletti,8,
capi,8,
incostituzionale,8,
inizio,8,
chieda,8,
map,8,
originale,8,
chiarisca,8,
treno,8,
lavoratori,8,
prendo,8,
spiegherò,8,
canada,8,
prossimi,8,
compromesso,8,
direttorio,8,
farci,8,
ambiguità,8,
padania,8,
leghisti,8,
contestano,8,
zanicchi,8,
maria,8,
ordinò,8,
civica,8,
salerno,8,
andate,8,
raddoppia,8,
proprietà,8,
codice,8,
statali,8,
riformare,8,
ansia,8,
patrimonio,8,
ucciso,8,
moderato,8,
sconfiggere,8,
restiamo,8,
ben,8,
bonsai,8,
chiusura,8,
violata,8,
rimanere,8,
appunti,8,
striscioni,8,
cambierò,8,
ricorsi,8,
arringa,8,
riaprire,8,
dialogare,8,
beneficenza,8,
editto,8,
discutere,8,
smentiscono,8,
tentativo,8,
corona,8,
guiderà,8,
arrabbiato,8,
troveremo,8,
coda,8,
candidature,8,
valore,8,
economico,8,
stallo,8,
passare,8,
ultime,8,
blog,8,
sospensione,8,
arrestato,8,
pulita,8,
autoritaria,8,
copertina,8,
siparietto,8,
alternative,8,
chiediamo,8,
chiare,8,
confonde,8,
boldi,8,
agghiacciante,8,
resistenza,8,
terremotati,8,
rinvii,8,
contestatori,8,
letto,8,
aperte,8,
morti,8,
rinasce,8,
forma,8,
pole,8,
minuto,8,
possono,8,
accusato,8,
floris,8,
nemica,8,
capodanno,8,
sbattere,8,
pago,8,
motivi,8,
scossa,8,
bernardini,8,
sbando,8,
lato,8,
milanesi,8,
bini,8,
smaghi,8,
fuggi,8,
testamento,8,
fidanzato,8,
bei,8,
femen,8,
striscione,8,
girolamo,8,
coppi,8,
aspettare,8,
twittertime,8,
sisto,8,
fondazione,8,
bogo,8,
crimea,8,
repubblicano,8,
raggi,8,
renziani,8,
macron,8,
orbán,8,
zan,8,
authority,7,
buio,7,
avvicina,7,
retequattro,7,
aumento,7,
sposa,7,
audience,7,
arena,7,
arrivato,7,
monaco,7,
mattina,7,
raiuno,7,
mammi,7,
pippo,7,
dedica,7,
doni,7,
sbarco,7,
rinascente,7,
programmi,7,
medita,7,
crociata,7,
sequestro,7,
bloccato,7,
laurea,7,
sconto,7,
socialisti,7,
business,7,
segrate,7,
esalta,7,
brucia,7,
partite,7,
cattivo,7,
circoli,7,
bravi,7,
occhetto,7,
sbagli,7,
citizen,7,
documento,7,
lupo,7,
infuria,7,
interrogato,7,
conflitti,7,
incanta,7,
kohl,7,
chance,7,
pensando,7,
bocciato,7,
cauto,7,
commissari,7,
altalena,7,
commissaria,7,
scorta,7,
rompere,7,
ferie,7,
scaricare,7,
paure,7,
saggi,7,
relazione,7,
vodka,7,
porre,7,
antimafia,7,
dotti,7,
ostacoli,7,
venne,7,
tonino,7,
dottor,7,
direttori,7,
dividono,7,
pugno,7,
bambino,7,
lire,7,
teatrino,7,
ragioniere,7,
piede,7,
ufficiale,7,
imputato,7,
prego,7,
squillante,7,
gioielli,7,
abbraccia,7,
anch,7,
mancato,7,
stralcio,7,
previsto,7,
risolto,7,
ccd,7,
confusione,7,
on,7,
nodi,7,
lira,7,
uguali,7,
parenti,7,
ritrovato,7,
brusca,7,
pentiti,7,
procure,7,
ferito,7,
attentato,7,
travolto,7,
zitti,7,
infiamma,7,
assicura,7,
capolinea,7,
divisioni,7,
enel,7,
capace,7,
provoca,7,
paralisi,7,
importante,7,
dirà,7,
separati,7,
violento,7,
orrore,7,
sicuri,7,
cantato,7,
pazienza,7,
lucia,7,
inaffidabile,7,
falcone,7,
demagogia,7,
astensione,7,
premiership,7,
zoff,7,
ultras,7,
omicidio,7,
campioni,7,
brancher,7,
stipendi,7,
benissimo,7,
mangia,7,
pagherà,7,
seguito,7,
macché,7,
approva,7,
discutono,7,
ritratto,7,
berlusconiin,7,
ripete,7,
presenze,7,
vedova,7,
commissioni,7,
timori,7,
ridurremo,7,
internazionale,7,
margherita,7,
zona,7,
sharon,7,
scendono,7,
ascesa,7,
fao,7,
comitato,7,
atteso,7,
metti,7,
licenziamenti,7,
avversari,7,
first,7,
siciliana,7,
rogatorie,7,
privati,7,
classe,7,
criticare,7,
deboli,7,
cara,7,
comincia,7,
rumore,7,
mogli,7,
promise,7,
articolo,7,
gates,7,
sheva,7,
dirigenti,7,
cantare,7,
ostaggio,7,
garantisco,7,
spegne,7,
clown,7,
ribadisce,7,
ricordano,7,
dispiace,7,
piaceva,7,
incentivi,7,
mafiosi,7,
sbagliano,7,
risposto,7,
cd,7,
costi,7,
rotondo,7,
aggrappa,7,
anticipa,7,
divella,7,
campionato,7,
saddam,7,
salire,7,
precedenti,7,
toccare,7,
berselli,7,
blocchi,7,
investimenti,7,
orgoglio,7,
maggiore,7,
credibile,7,
unita,7,
marinella,7,
difendo,7,
pensione,7,
art,7,
die,7,
lumbàrd,7,
restituisce,7,
orlo,7,
ridere,7,
ironizza,7,
garantisce,7,
aerei,7,
misura,7,
secolo,7,
offesa,7,
cristiana,7,
rimette,7,
ragioni,7,
rischiano,7,
nassiriya,7,
paletti,7,
assenza,7,
carro,7,
ospite,7,
russi,7,
escludo,7,
incontrerà,7,
dante,7,
ostaggi,7,
contatto,7,
indispensabili,7,
successi,7,
liquida,7,
schede,7,
sponsor,7,
petrolio,7,
colonnelli,7,
chiederò,7,
tela,7,
convincerò,7,
crac,7,
metrò,7,
possibilità,7,
governatori,7,
sfidano,7,
truppe,7,
interventi,7,
rispolvera,7,
ingiusto,7,
mausoleo,7,
chiarire,7,
eroe,7,
metta,7,
panchina,7,
gira,7,
dividendo,7,
rcs,7,
colpito,7,
ristorante,7,
tradimento,7,
emendamento,7,
privato,7,
scattare,7,
bruno,7,
oppone,7,
salverà,7,
contestazioni,7,
scompare,7,
indecisi,7,
puntare,7,
mondiali,7,
gup,7,
profondo,7,
irritato,7,
profonda,7,
musso,7,
baci,7,
entrambi,7,
maestro,7,
sé,7,
pistola,7,
cesa,7,
guardia,7,
risale,7,
fiction,7,
continuare,7,
sprint,7,
stoccata,7,
giunte,7,
illusione,7,
possa,7,
carceri,7,
sorella,7,
trame,7,
giorgio,7,
georgia,7,
gestire,7,
permessi,7,
corrotto,7,
riguarda,7,
macerie,7,
bresso,7,
mentì,7,
negativo,7,
tengo,7,
harem,7,
pagata,7,
disposizione,7,
trema,7,
balli,7,
fedeltà,7,
garimberti,7,
sessuali,7,
perdonanza,7,
bertone,7,
corretto,7,
michelle,7,
corruttore,7,
coordinatori,7,
darmi,7,
battisti,7,
dito,7,
michaela,7,
giacca,7,
bortone,7,
sbagliata,7,
vive,7,
innocenzi,7,
minzolini,7,
tranne,7,
bernini,7,
porti,7,
addormenta,7,
youtube,7,
monta,7,
minimi,7,
lorenzo,7,
parlamentare,7,
zingaretti,7,
caliendo,7,
rassegnazione,7,
candidarmi,7,
atreju,7,
copasir,7,
liberati,7,
probabile,7,
marysthell,7,
tommasi,7,
patrimoniale,7,
romane,7,
presidio,7,
mela,7,
pagati,7,
presa,7,
raid,7,
scilipoti,7,
pierluigi,7,
saccomanni,7,
volevano,7,
pezzo,7,
vizio,7,
nascita,7,
aboliremo,7,
lancio,7,
gernetto,7,
sallusti,7,
talk,7,
giannino,7,
mps,7,
restituire,7,
casson,7,
orfini,7,
decideremo,7,
decade,7,
voxpop,7,
denis,7,
pichetto,7,
ius,7,
landini,7,
patriarca,7,
sinisa,7,
nordio,7,
fiuggi,7,
gallitelli,7,
biden,7,
compagna,7,
aumenta,6,
aprono,6,
ciclone,6,
incontrano,6,
acquisto,6,
ambasciata,6,
firmata,6,
morta,6,
avventura,6,
bel,6,
sorpassa,6,
agnes,6,
comment,6,
carlucci,6,
bancarotta,6,
guru,6,
commenta,6,
vie,6,
americani,6,
aumenti,6,
vicine,6,
pubbliche,6,
amef,6,
est,6,
rock,6,
alfredo,6,
iri,6,
siena,6,
favorevole,6,
violato,6,
pagamento,6,
targata,6,
messa,6,
van,6,
mentana,6,
vetrina,6,
fermate,6,
televisivo,6,
sgambetto,6,
ragno,6,
miglio,6,
tende,6,
tunnel,6,
sfido,6,
amarcord,6,
volata,6,
imbroglio,6,
sorriso,6,
ginocchio,6,
genio,6,
popolari,6,
pivetti,6,
muscoli,6,
asilo,6,
journal,6,
patria,6,
processare,6,
sindacato,6,
gennaro,6,
tocco,6,
specchio,6,
m,6,
occasione,6,
smeralda,6,
dacci,6,
caldo,6,
darsi,6,
direi,6,
documentario,6,
vuoti,6,
pensionati,6,
lavoriamo,6,
comici,6,
benedizione,6,
giura,6,
complotti,6,
quindici,6,
fuoriclasse,6,
tifa,6,
sceso,6,
rifondazione,6,
rimprovera,6,
innamorato,6,
interrogare,6,
do,6,
x,6,
preme,6,
consegna,6,
volontari,6,
litigare,6,
sapere,6,
benetton,6,
resuscitato,6,
attore,6,
tabarez,6,
assemblea,6,
carisma,6,
dovuto,6,
falsi,6,
esperto,6,
vere,6,
confermata,6,
falco,6,
duetto,6,
netanyahu,6,
retta,6,
voterei,6,
lamenta,6,
riga,6,
destini,6,
finanziare,6,
riciclaggio,6,
avvertimento,6,
distruggere,6,
striscia,6,
ankara,6,
definitiva,6,
accolto,6,
kirch,6,
maldini,6,
ostacolo,6,
pelle,6,
corrente,6,
semestre,6,
prudenza,6,
pasticci,6,
king,6,
manette,6,
scatto,6,
rassegna,6,
estremista,6,
azioni,6,
denuncerò,6,
invitati,6,
tasca,6,
democratico,6,
haider,6,
favola,6,
cielo,6,
maggioritario,6,
pupillo,6,
maratona,6,
mettiamo,6,
economica,6,
nervoso,6,
insorgono,6,
blu,6,
sicura,6,
difendono,6,
greco,6,
delfini,6,
operaio,6,
eni,6,
pais,6,
cavallo,6,
peggiore,6,
discarica,6,
musotto,6,
fortune,6,
volto,6,
libere,6,
prenda,6,
calunnia,6,
amica,6,
sfonda,6,
pomeriggio,6,
dodici,6,
ducale,6,
darà,6,
monde,6,
meriti,6,
sorprese,6,
stanza,6,
violenze,6,
scritte,6,
proiettili,6,
meeting,6,
muti,6,
ridotto,6,
militari,6,
punire,6,
lusso,6,
mediatico,6,
giudiziario,6,
antiberlusconi,6,
ferita,6,
napoletano,6,
omaggio,6,
viareggio,6,
ambasciatori,6,
figaro,6,
assessore,6,
p,6,
area,6,
girotondi,6,
parco,6,
cattedra,6,
madonna,6,
spiegare,6,
conosce,6,
tristezza,6,
sospesa,6,
segua,6,
accanto,6,
johannesburg,6,
matteoli,6,
mantenute,6,
vecchie,6,
trucchi,6,
provato,6,
pietra,6,
esilio,6,
rinunci,6,
pagine,6,
speranze,6,
riferimento,6,
bassi,6,
scoperto,6,
volantini,6,
ricucire,6,
bestemmia,6,
temono,6,
corda,6,
giustizialista,6,
dovevo,6,
disperata,6,
ovunque,6,
kapò,6,
guardasigilli,6,
carraro,6,
cantano,6,
frenare,6,
sorride,6,
turisti,6,
arrivati,6,
bonolis,6,
anteprima,6,
usato,6,
quote,6,
sconfitti,6,
dramma,6,
porterò,6,
chiamo,6,
tomba,6,
stupito,6,
geithner,6,
cani,6,
conosco,6,
parmalat,6,
affronta,6,
nonostante,6,
alti,6,
guardian,6,
solidale,6,
autorizzata,6,
crespi,6,
montatura,6,
festività,6,
sembrava,6,
fenomeno,6,
quell,6,
intercettazione,6,
pil,6,
sgravi,6,
pio,6,
lunardi,6,
denunce,6,
aliquote,6,
bandana,6,
risparmio,6,
rispettato,6,
riflettere,6,
cassano,6,
disperazione,6,
gad,6,
luzi,6,
dissocia,6,
rapimento,6,
brutta,6,
uccidere,6,
sostenga,6,
bacia,6,
abbandonato,6,
juncker,6,
alzare,6,
sacrifica,6,
moggi,6,
credere,6,
veronesi,6,
bulgaria,6,
riporta,6,
dimezzata,6,
miller,6,
antonveneta,6,
legame,6,
arrivò,6,
risponda,6,
decidono,6,
mancano,6,
vicenza,6,
ratzinger,6,
irrompe,6,
citato,6,
alcune,6,
lento,6,
insultato,6,
scontato,6,
andrea,6,
maltese,6,
ritirarsi,6,
rafforza,6,
passerella,6,
comprati,6,
accertamenti,6,
biglietti,6,
votano,6,
obiettivi,6,
povera,6,
astiene,6,
uova,6,
auguro,6,
ferrero,6,
regolare,6,
salotto,6,
antipolitica,6,
rom,6,
sponda,6,
george,6,
liquidazione,6,
corro,6,
ferdinando,6,
sposi,6,
annullata,6,
impresa,6,
totò,6,
ronde,6,
mattone,6,
storica,6,
strappi,6,
chiaiano,6,
tenuta,6,
sporca,6,
sovversivi,6,
ossessionato,6,
tilt,6,
regge,6,
scivolone,6,
piccole,6,
inopportuno,6,
vezzali,6,
hostess,6,
epoca,6,
pisa,6,
rassegni,6,
state,6,
contano,6,
virus,6,
delegittima,6,
liberare,6,
indecente,6,
archiviato,6,
barelli,6,
regalato,6,
confessa,6,
verrò,6,
littizzetto,6,
fotografie,6,
minore,6,
mandante,6,
protezione,6,
capone,6,
disagio,6,
eleonora,6,
irritazione,6,
boffo,6,
nyt,6,
michael,6,
mail,6,
sandro,6,
giocano,6,
andarsene,6,
cado,6,
banda,6,
chiederà,6,
giancarlo,6,
cota,6,
favorita,6,
anticorruzione,6,
casi,6,
ceda,6,
incompatibili,6,
dissenso,6,
suona,6,
edilizio,6,
dissidenti,6,
ibrahimovic,6,
pifferaio,6,
affossa,6,
sovranità,6,
emmott,6,
terzigno,6,
flash,6,
mob,6,
eliminarmi,6,
comandare,6,
diamanti,6,
pressione,6,
speculazione,6,
linciaggio,6,
eversivo,6,
nettuno,6,
gloria,6,
festeggiare,6,
raìs,6,
bonifici,6,
udienze,6,
rimpatri,6,
caduto,6,
immobiliare,6,
hard,6,
eversive,6,
investitura,6,
transfughi,6,
grilli,6,
coatto,6,
prostitute,6,
leva,6,
comunicato,6,
decisivi,6,
tradimenti,6,
frequenze,6,
nick,6,
bagarre,6,
saltano,6,
domingo,6,
guidi,6,
sfilata,6,
lettura,6,
scelgo,6,
intanto,6,
frantumi,6,
liberarsi,6,
trent,6,
ritirati,6,
crocetta,6,
cinquanta,6,
dirlo,6,
miglioramento,6,
scherziamo,6,
condiviso,6,
abolizione,6,
buonsenso,6,
decadere,6,
revisione,6,
grillina,6,
defila,6,
addii,6,
einaudi,6,
mangiare,6,
animalista,6,
giravolta,6,
casaleggio,6,
spogliatoio,6,
vigilanza,6,
grillino,6,
elisabetta,6,
paita,6,
feo,6,
servillo,6,
vincitori,6,
cirio,6,
santelli,6,
mahroug,6,
bonini,6,
attività,5,
respinto,5,
tribune,5,
costituzionale,5,
schermi,5,
medusa,5,
tanzi,5,
hersant,5,
partecipa,5,
tortora,5,
tempesta,5,
socialista,5,
firmare,5,
comunicazione,5,
classifica,5,
aiutaci,5,
dissidi,5,
contrattacca,5,
bassa,5,
balletto,5,
vieta,5,
strategica,5,
mettono,5,
forlani,5,
funziona,5,
sereno,5,
and,5,
partner,5,
pasticcio,5,
testimonianza,5,
basten,5,
pacco,5,
ruspe,5,
ligresti,5,
olbia,5,
opzione,5,
rispetta,5,
stravolge,5,
conteso,5,
oscar,5,
migliora,5,
biscardi,5,
sosia,5,
incendio,5,
ascoltato,5,
cervello,5,
fara,5,
editoriale,5,
solco,5,
rifiuto,5,
temevo,5,
cariplo,5,
baccini,5,
canto,5,
soffre,5,
coni,5,
sollievo,5,
offerto,5,
avvisano,5,
vacanze,5,
comunione,5,
after,5,
dava,5,
siluro,5,
aborto,5,
freno,5,
salvi,5,
dribbla,5,
diamo,5,
stadi,5,
promosso,5,
pinocchio,5,
calma,5,
edilizia,5,
matto,5,
caselli,5,
registro,5,
congelato,5,
stalliere,5,
beirut,5,
contropiede,5,
valanga,5,
marzotto,5,
colombo,5,
liberarci,5,
ricomincia,5,
colpisce,5,
diretto,5,
miraggio,5,
perdita,5,
andava,5,
bara,5,
salato,5,
rispondono,5,
scivola,5,
ala,5,
copyright,5,
inventa,5,
radicale,5,
piccola,5,
incastrare,5,
diventano,5,
terribile,5,
prigioniero,5,
vilipendio,5,
flick,5,
costo,5,
verbali,5,
pianto,5,
battezza,5,
liberali,5,
baresi,5,
dallas,5,
duri,5,
difendersi,5,
patteggia,5,
romiti,5,
fattore,5,
spia,5,
adegua,5,
scomunica,5,
applauso,5,
lunghi,5,
furia,5,
decisa,5,
offerte,5,
odia,5,
colpevole,5,
sardo,5,
negato,5,
rende,5,
terrorista,5,
berlusconiper,5,
nudo,5,
vietato,5,
picconatore,5,
responsabili,5,
garzon,5,
maker,5,
iniziato,5,
alcuna,5,
stalinista,5,
gasperi,5,
cercasi,5,
chiuda,5,
sporche,5,
arbitri,5,
lingotto,5,
diavolo,5,
crociera,5,
perdi,5,
idiota,5,
quorum,5,
gamba,5,
ricorre,5,
umani,5,
bartolozzi,5,
effetti,5,
impunità,5,
terzi,5,
metodi,5,
placare,5,
fiamma,5,
capirà,5,
svizzero,5,
comparse,5,
delirio,5,
murales,5,
risiko,5,
zaccheroni,5,
salverò,5,
city,5,
ribaltoni,5,
revoca,5,
style,5,
nati,5,
mondiale,5,
mole,5,
aiuterò,5,
collegio,5,
nasconde,5,
stipendio,5,
batman,5,
melandri,5,
staff,5,
prendi,5,
busta,5,
prenota,5,
story,5,
volere,5,
metamorfosi,5,
sognare,5,
kyoto,5,
iene,5,
profezia,5,
protocollo,5,
frenata,5,
kermesse,5,
cercando,5,
notturno,5,
brianza,5,
condanne,5,
tragedia,5,
provvedimenti,5,
aprirà,5,
comunismo,5,
diplomatico,5,
ripartire,5,
degrado,5,
battaglie,5,
molte,5,
guadagna,5,
piazzetta,5,
john,5,
interna,5,
sgarbo,5,
mentito,5,
agrigento,5,
infiltrati,5,
fiamme,5,
personalmente,5,
riconosce,5,
scomparso,5,
spiraglio,5,
costituzionali,5,
normale,5,
resistere,5,
escluso,5,
novità,5,
padrino,5,
licenziato,5,
abbassi,5,
global,5,
aspettano,5,
debolezza,5,
rossoneri,5,
filippo,5,
salone,5,
mobile,5,
assassini,5,
chiarimento,5,
criminalità,5,
vergognosa,5,
mantiene,5,
riconoscenza,5,
scendere,5,
riconosciuto,5,
turco,5,
trasversale,5,
cambiata,5,
ottenere,5,
quadrato,5,
colleghi,5,
benvenuto,5,
convinse,5,
fissa,5,
occupo,5,
inflazione,5,
billè,5,
preferito,5,
piacerebbe,5,
david,5,
folle,5,
estraneo,5,
berlusconima,5,
ingiustizia,5,
conclave,5,
totoministri,5,
ricusazione,5,
hendel,5,
teorema,5,
camorra,5,
rispettare,5,
giuliano,5,
share,5,
rovescia,5,
atteggiamento,5,
comando,5,
friuli,5,
vietnam,5,
aler,5,
ondata,5,
stufo,5,
sergio,5,
rischiato,5,
difensori,5,
risolta,5,
inadatto,5,
roba,5,
grottesca,5,
risparmiare,5,
bilanci,5,
baratro,5,
dazi,5,
vietti,5,
potevo,5,
diventerà,5,
trucco,5,
kabul,5,
ricambio,5,
digitale,5,
capisce,5,
rita,5,
ricca,5,
raitre,5,
liceo,5,
modulo,5,
pagelle,5,
disegno,5,
diffamazione,5,
confronti,5,
salsa,5,
tormentone,5,
portò,5,
petruccioli,5,
escalation,5,
wsj,5,
mise,5,
municipio,5,
fabio,5,
ridà,5,
poster,5,
irreale,5,
governerò,5,
isolato,5,
killer,5,
listone,5,
volano,5,
tacchi,5,
fiscali,5,
esuberi,5,
barbari,5,
moore,5,
pratica,5,
sosterrà,5,
fmi,5,
lotito,5,
balzo,5,
frondisti,5,
bruciare,5,
certi,5,
immagine,5,
perdona,5,
listino,5,
pranzi,5,
accusano,5,
valuta,5,
mezzogiorno,5,
forum,5,
rush,5,
interni,5,
familiare,5,
pessimista,5,
approvato,5,
tarak,5,
leone,5,
poltrona,5,
tenaglia,5,
esposta,5,
cravatta,5,
apra,5,
pensano,5,
coerente,5,
sprona,5,
guardi,5,
pollari,5,
incontrai,5,
bebè,5,
bonus,5,
archiviazione,5,
vuota,5,
orologeria,5,
vignette,5,
premiato,5,
museo,5,
vergogni,5,
curva,5,
ars,5,
rivota,5,
insultare,5,
coglioni,5,
veleno,5,
risalire,5,
bufala,5,
centravanti,5,
baciamano,5,
infondate,5,
annulla,5,
televisivi,5,
franchi,5,
compatta,5,
principe,5,
tim,5,
inaugurazione,5,
spiati,5,
eterni,5,
rossonero,5,
fastidio,5,
equilibrio,5,
giuramento,5,
sapevo,5,
lele,5,
convinca,5,
compatti,5,
gonfiati,5,
liberalizzazioni,5,
passera,5,
scuote,5,
lucca,5,
irrita,5,
pupilla,5,
bocciata,5,
claudio,5,
estrema,5,
dite,5,
cristiani,5,
rivedere,5,
fantasmi,5,
michela,5,
spugna,5,
luce,5,
decoro,5,
referente,5,
online,5,
fischio,5,
duelli,5,
pressa,5,
gasdotto,5,
pensionato,5,
versioni,5,
savona,5,
carla,5,
moto,5,
catastrofe,5,
ministre,5,
ritocchi,5,
energia,5,
coalizioni,5,
deciderò,5,
low,5,
eleggere,5,
geografia,5,
realizzato,5,
alessio,5,
figuraccia,5,
scuole,5,
divieto,5,
saggio,5,
cappello,5,
collasso,5,
occupa,5,
sbarchi,5,
perfetto,5,
newsweek,5,
stone,5,
evasori,5,
lufthansa,5,
pompei,5,
frega,5,
buia,5,
isolata,5,
candidi,5,
mariastella,5,
barack,5,
usare,5,
abbronzato,5,
distrutto,5,
vuote,5,
alcun,5,
civico,5,
mischiare,5,
arrestano,5,
costretti,5,
farcela,5,
stanca,5,
perbene,5,
sfollati,5,
onna,5,
lukashenko,5,
rispondi,5,
rispondo,5,
michele,5,
scatti,5,
curia,5,
valzer,5,
colonnello,5,
ten,5,
ugolino,5,
strategy,5,
solida,5,
sdogana,5,
licenziati,5,
distanti,5,
partigiano,5,
ve,5,
agrama,5,
personalità,5,
taverna,5,
sovvertire,5,
commissariare,5,
viaggi,5,
dimostri,5,
arner,5,
ministra,5,
avvia,5,
genitori,5,
tiger,5,
cicciolina,5,
sostenitori,5,
firmano,5,
prevede,5,
invia,5,
knesset,5,
capitolo,5,
elio,5,
promotori,5,
pdlberlusconi,5,
contestatore,5,
centrale,5,
zarina,5,
ricandidatura,5,
abbracci,5,
assieme,5,
possibili,5,
inferno,5,
lettori,5,
calpesta,5,
tentano,5,
campagne,5,
assediato,5,
rais,5,
metteremo,5,
onorevoli,5,
brinda,5,
trasloco,5,
occhio,5,
delinquere,5,
shoah,5,
avatar,5,
quali,5,
nadia,5,
incinta,5,
paragone,5,
padova,5,
sciogliere,5,
incubi,5,
cameron,5,
coerenza,5,
calciomercato,5,
comunità,5,
patologia,5,
cacciare,5,
raccontano,5,
cassiere,5,
intercettata,5,
creduto,5,
biografia,5,
puniscono,5,
gogna,5,
resterò,5,
casinò,5,
impresentabili,5,
braccia,5,
maxxi,5,
degna,5,
ryanair,5,
ricandidarsi,5,
bisignani,5,
serracchiani,5,
temere,5,
nitto,5,
destro,5,
chili,5,
stufato,5,
segretaria,5,
contanti,5,
rinnovamento,5,
pasionaria,5,
nascondere,5,
default,5,
way,5,
generosità,5,
guerriglia,5,
decine,5,
sosteniamo,5,
thiago,5,
fadil,5,
imane,5,
invocare,5,
chiamarsi,5,
scettici,5,
intimi,5,
videostoria,5,
federatore,5,
autorità,5,
bruti,5,
presentò,5,
commedia,5,
spinto,5,
restituirò,5,
tombale,5,
galassia,5,
occhiali,5,
valentini,5,
segreteria,5,
mascherina,5,
telequirinale,5,
certo,5,
aiutarlo,5,
barese,5,
valere,5,
alessandro,5,
ritorsioni,5,
ferragosto,5,
delrio,5,
giacomo,5,
ciriaco,5,
cessi,5,
comi,5,
calvani,5,
nardella,5,
varese,5,
negano,5,
pen,5,
logo,5,
mostruosa,5,
altrui,5,
bianchi,5,
repidee,5,
ricompatta,5,
immortale,5,
premium,5,
single,5,
nostalgia,5,
bollettino,5,
olgettina,5,
ferrandelli,5,
dialoga,5,
set,5,
rosatellum,5,
ambra,5,
battilana,5,
fedelissima,5,
terapie,5,
sovranisti,5,
jole,5,
pizzeria,5,
mfe,5,
virale,5,
maresca,5,
vaccino,5,
angelucci,5,
attende,4,
co,4,
fellini,4,
network,4,
giudica,4,
maradona,4,
krizia,4,
guadagnare,4,
gabbia,4,
baudo,4,
prodotto,4,
nata,4,
resuscita,4,
vele,4,
telegiornali,4,
finanziario,4,
pax,4,
televisiva,4,
ferri,4,
iscritti,4,
gardini,4,
strapotere,4,
confermati,4,
giuro,4,
gola,4,
ingresso,4,
berlinguer,4,
protestano,4,
esodo,4,
corde,4,
spende,4,
campi,4,
vara,4,
rimasto,4,
querelato,4,
croce,4,
biscione,4,
polonia,4,
beni,4,
baggio,4,
insedia,4,
ct,4,
cir,4,
requisitoria,4,
sposo,4,
concessioni,4,
sgrida,4,
sedotto,4,
paghi,4,
distratto,4,
bambole,4,
sleale,4,
channel,4,
soccorre,4,
editori,4,
recupera,4,
accontenta,4,
matarrese,4,
minimizza,4,
moda,4,
rivuole,4,
savicevic,4,
president,4,
mischia,4,
tana,4,
caricatura,4,
concede,4,
schermo,4,
tricolore,4,
seduttore,4,
arrabbia,4,
tutore,4,
chiacchiere,4,
battesimo,4,
sbatte,4,
torto,4,
chiamano,4,
pri,4,
assunzioni,4,
zittisce,4,
dimenticare,4,
schemi,4,
divorziato,4,
doc,4,
grati,4,
industria,4,
pagella,4,
importa,4,
decidi,4,
zia,4,
persa,4,
sultano,4,
riposa,4,
montecarlo,4,
orfani,4,
orfana,4,
faro,4,
felici,4,
zavoli,4,
zie,4,
nipoti,4,
gemello,4,
melfi,4,
marconi,4,
banchiere,4,
discariche,4,
spiato,4,
sorpassato,4,
rauti,4,
maastricht,4,
swg,4,
volesse,4,
interroga,4,
prepotente,4,
annullato,4,
ispira,4,
gdf,4,
accende,4,
concordato,4,
americana,4,
alloggi,4,
enti,4,
coinvolto,4,
pugni,4,
portano,4,
adamo,4,
cuscino,4,
circondato,4,
esistono,4,
austerity,4,
avanza,4,
decise,4,
pensate,4,
sbarra,4,
esaurito,4,
paciere,4,
gala,4,
mussi,4,
relazioni,4,
solitudine,4,
date,4,
dimenticati,4,
sensi,4,
mestiere,4,
calcoli,4,
regaliamo,4,
assessori,4,
ricatta,4,
prescritti,4,
debutta,4,
spionaggio,4,
inquisito,4,
conquisteremo,4,
coprire,4,
coinvolge,4,
fatale,4,
tecniche,4,
toccano,4,
scherzo,4,
datemi,4,
salvemini,4,
karaoke,4,
fisso,4,
premi,4,
truccata,4,
documenti,4,
mancino,4,
patacca,4,
somiglia,4,
boys,4,
davigo,4,
liguori,4,
chiarito,4,
pronte,4,
perduto,4,
regolamento,4,
ingrati,4,
canossa,4,
discutiamo,4,
urgenti,4,
tenersi,4,
finanziamento,4,
ombretta,4,
emma,4,
spine,4,
albero,4,
quercia,4,
polso,4,
offrì,4,
minniti,4,
berlusconisi,4,
scherzi,4,
rivolgo,4,
bono,4,
esultanza,4,
parlano,4,
incita,4,
difensore,4,
semplice,4,
traverso,4,
immaginario,4,
antoni,4,
speciali,4,
confessione,4,
corridoio,4,
copiato,4,
insultò,4,
imperia,4,
gabriele,4,
galante,4,
genovese,4,
sventato,4,
guerre,4,
freccia,4,
salvagente,4,
confida,4,
condivido,4,
berlusconirutelli,4,
scorretto,4,
fabbrica,4,
termini,4,
copre,4,
cantante,4,
ignorato,4,
decolla,4,
decisi,4,
miliardario,4,
succede,4,
venderà,4,
seria,4,
sistemare,4,
thatcher,4,
cinismo,4,
doge,4,
decisioni,4,
prevista,4,
suite,4,
tute,4,
amaro,4,
carabiniere,4,
risata,4,
approvata,4,
ripensaci,4,
anime,4,
beauty,4,
sognano,4,
perotti,4,
straordinaria,4,
direzione,4,
profughi,4,
penalizza,4,
riduce,4,
americane,4,
nipotini,4,
operazioni,4,
civiltà,4,
disco,4,
giustizialisti,4,
banco,4,
castelli,4,
scrivono,4,
karzai,4,
ripensi,4,
butto,4,
terrà,4,
giscard,4,
nullo,4,
serena,4,
cancellerie,4,
moschea,4,
insediamenti,4,
corna,4,
scarpe,4,
soft,4,
annan,4,
zelig,4,
ii,4,
rispettate,4,
agostino,4,
pugliese,4,
succube,4,
pareri,4,
fermeranno,4,
brava,4,
garibaldi,4,
cerchiamo,4,
spiegato,4,
evitate,4,
silvestri,4,
cinquemila,4,
soddisfazione,4,
palestinesi,4,
figuracce,4,
sanatoria,4,
espulsioni,4,
salvaci,4,
servito,4,
verona,4,
risse,4,
spostare,4,
depone,4,
incomprensioni,4,
volentieri,4,
viceconte,4,
girotondo,4,
hotel,4,
motivazioni,4,
diari,4,
tradire,4,
camp,4,
credono,4,
placa,4,
positiva,4,
tasche,4,
spendere,4,
stangata,4,
banchieri,4,
sfidante,4,
vengono,4,
arese,4,
corriere,4,
girone,4,
dimostra,4,
esperienza,4,
separate,4,